title,body,upvotes,comment_count,timestamp,subreddit
"""Cancel ChatGPT"" movement goes big after OpenAI's latest move",,73315,2377,2026-02-28 22:48:52,technology
U.S. Dealers In Full Panic Mode After Canada Green-Lights Chinese Cars,,64413,6405,2026-02-06 03:13:29,technology
‘No One Should Have a Copyright on Vance Being Booed’: Video From Olympics Blocked on X,,59829,1253,2026-02-07 22:13:00,technology
"Oh, good: Discord's age verification rollout has ties to Palantir co-founder and panopticon architect Peter Thiel",,50672,1279,2026-02-14 08:19:54,technology
All U.S. Social Security numbers may need to be changed following a massive breach that is already being investigated as a national threat,,49150,2860,2026-02-15 18:40:55,technology
Ring cancels its partnership with Flock Safety after surveillance backlash,,48993,2103,2026-02-13 04:35:02,technology
"Discord faces backlash over age checks after data breach exposed 70,000 IDs",,48497,2679,2026-02-10 01:17:35,technology
"Across the US, people are dismantling and destroying Flock surveillance cameras",,46285,1420,2026-02-21 22:49:34,technology
Discord Distances Itself From Age Verification Firm After Ties To Palantir’s Peter Thiel Surface,,46072,1747,2026-02-15 00:56:47,technology
"""Discord alternatives"" searches jump 10,000% overnight as the gaming platform introduces global age verification — Is a total collapse imminent?",,42454,2325,2026-02-11 04:03:48,technology
ChatGPT uninstalls surged by 295% after DoD deal,,42170,1276,2026-03-03 05:35:57,technology
Amazon Ring’s Super Bowl ad sparks backlash amid fears of mass surveillance,,41489,1550,2026-02-11 20:29:19,technology
Claude hits No. 1 on App Store as ChatGPT users defect in show of support for Anthropic's Pentagon stance,,38983,1173,2026-03-01 10:34:43,technology
NBC appears to cut crowd’s booing of JD Vance from Winter Olympics broadcast,,38026,936,2026-02-07 08:18:03,technology
Discord cuts ties with Peter Thiel-backed verification software after code found in US surveillance,,38013,1874,2026-02-24 16:27:14,technology
1.5 Million Users Leave ChatGPT,,37689,1509,2026-03-04 00:05:06,technology
"AI Added ‘Basically Zero’ to US Economic Growth Last Year, Goldman Sachs Says",,37110,1605,2026-02-24 02:03:42,technology
"AIs can’t stop recommending nuclear strikes in war game simulations - Leading AIs from OpenAI, Anthropic, and Google opted to use nuclear weapons in simulated war games in 95 per cent of cases",,36265,2833,2026-02-25 19:33:33,technology
Waymo admits that its autopilot is often just guys from the Philippines,,35336,2200,2026-02-08 19:23:57,technology
Thousands of CEOs just admitted AI had no impact on employment or productivity—and it has economists resurrecting a paradox from 40 years ago,,34711,2355,2026-02-18 06:31:28,technology
FCC Attempt to Kill Stephen Colbert Interview Completely Backfires | Stephen Colbert’s interview with Texas state Representative James Talarico is one of his most viewed ever.,,33491,521,2026-02-18 05:35:46,technology
The U.S. spent $30 billion to ditch textbooks for laptops and tablets: The result is the first generation less cognitively capable than their parents,,32480,1539,2026-02-22 13:59:59,technology
"Discord Goes Into Damage Control Mode Over New Age Verification Requirements, Promising There’s Nothing To See Here For ‘Vast Majority’ Of Users",,32031,2636,2026-02-11 07:00:52,technology
'No ethics at all': the 'cancel ChatGPT' trend is growing after OpenAI signs a deal with the US military,,31727,832,2026-03-02 04:16:54,technology
Palantir Sues Swiss Magazine For Accurately Reporting That The Swiss Government Didn’t Want Palantir,,31531,313,2026-02-28 03:18:59,technology
"RFK Jr. food pyramid site links to Grok, which says you shouldn’t trust RFK Jr.",,31181,581,2026-02-12 23:50:35,technology
"Microsoft gets tired of “Microslop,” bans the word on its Discord, then locks the server after backlash",,29533,1156,2026-03-02 16:59:01,technology
DHS Hunts Down 67-Year-Old U.S. Citizen Who Criticized Them in Email,,29147,726,2026-02-04 06:04:34,technology
YouTuber MKBHD says Tesla 'stopped talking to me' ahead of his new Model Y Performance review,,28172,1799,2026-02-21 02:37:04,technology
"After Censoring CBS, Trump Will Go For CNN: I’ve learned Trump will kill Netflix’s bid for Warner and help Paramount win, giving him control of Fox, CBS, CNN, and TikTok. But as Colbert showed, we can fight back.",,26939,629,2026-02-18 22:30:31,technology
Peter Thiel and other tech billionaires are publicly shielding their children from the products that made them rich,,26556,908,2026-02-22 09:12:21,technology
Big Tech sees over $1 trillion wiped from stocks as fears of AI bubble ignite sell-off,,26236,1596,2026-02-06 18:20:37,technology
Meta patents AI that takes over a dead person’s account to keep posting and chatting,,26076,1943,2026-02-17 03:24:17,technology
"Amazon has lost $450 billion in value during this historic losing streak / Amazon shares are eyeing a tenth consecutive day of losses, a stretch that has wiped out about $450 billion in market valuation.",,25324,1417,2026-02-17 22:34:50,technology
3 Teen Sisters Jump to Their Deaths from 9th Floor Apartment After Parents Remove Access to Phone: Reports,,25221,1773,2026-02-05 05:34:58,technology
"Goodbye, Tesla-style giant touchscreens: cars return to physical buttons",,25199,1631,2026-03-01 18:13:41,technology
Judge warns smart glasses wearers of contempt charges as Zuckerberg testifies in Meta trial,,24551,1586,2026-02-19 18:43:12,technology
"With Ring, American Consumers Built a Surveillance Dragnet",,24223,1375,2026-02-10 21:35:58,technology
Discord Rival Gets Overwhelmed By Mass Exodus Of Players Fleeing Age-Verification Crackdown,,23928,2032,2026-02-17 20:40:41,technology
Brendan Carr Can’t Explain Why ‘Equal Time’ Rule Doesn’t Apply To Right Wing Radio,,23881,397,2026-03-05 01:06:37,technology
Ring to turn on all camera to track pets. Privacy concerns,,23817,1983,2026-02-09 21:38:02,technology
"Discord is trying to defend its ridiculous age verification rollout, but it's too little too late, as users flock to Nitro cancellations",,23357,1787,2026-02-19 04:30:51,technology
Tesla Robotaxis Reportedly Crashing at a Rate That’s 4x Higher Than Humans,,23322,866,2026-02-18 01:54:37,technology
Meta CEO Mark Zuckerberg to face jury in landmark social media addiction trial,,23215,545,2026-02-18 17:22:40,technology
I am a 15-year-old girl. Let me show you the vile misogyny that confronts me on social media every day,,23200,5917,2026-02-23 18:12:15,technology
"Discord will require a face scan or ID for full access next month / ﻿Beginning in March, all accounts will have a “teen-appropriate experience by default.”",,23066,5051,2026-02-09 19:41:58,technology
Burger King will use AI to check if employees say ‘please’ and ‘thank you’ | AI chatbot ‘Patty’ is going to live inside employees’ headsets.,,22324,3575,2026-02-26 19:24:57,technology
"In a blind test, audiophiles couldn't tell the difference between audio signals sent through copper wire, a banana, or wet mud — 'The mud should sound perfectly awful, but it doesn't,' notes the experiment creator",,21984,1768,2026-02-14 21:06:29,technology
Anthropic's Claude hits No. 2 on Apple's top free apps list after Pentagon rejection,,21343,516,2026-03-01 00:32:34,technology
Pentagon sets Friday deadline for Anthropic to abandon ethics rules for AI — or else,,19769,1206,2026-02-25 04:22:23,technology
Why are people disconnecting or destroying their Ring cameras?,,19578,2230,2026-02-12 12:08:47,technology
Andrew Yang says AI will wipe out millions of white-collar jobs in the next 12 to 18 months,,18452,3608,2026-02-18 00:47:53,technology
"YouTube Shorts and Instagram Reels are making you dumber, according to science",,18338,733,2026-02-28 17:47:29,technology
Palantir declares itself the guardian of Americans' rights,,18343,1710,2026-02-04 17:21:23,technology
‘Slow this thing down’: Sanders warns US has no clue about speed and scale of coming AI revolution,,17807,1465,2026-02-21 10:13:38,technology
"AI: Hard drives are already sold out for the entire year, says Western Digital",,16815,1400,2026-02-16 15:00:59,technology
Claude down: Anthropic AI not working in major outage,,16656,1324,2026-03-02 18:59:42,technology
Americans are destroying Flock surveillance cameras,,15752,452,2026-02-25 04:39:07,technology
Time Exclusive: Anthropic Drops Flagship Safety Pledge,,15684,1040,2026-02-25 10:27:06,technology
Quit ChatGPT: right now! Your subscription is bankrolling authoritarianism (Opinion article),,15292,896,2026-03-04 18:24:57,technology
"Parents opt kids out of school computers, insisting on pen-and-paper instead",,14820,1348,2026-02-16 19:42:06,technology
"Spotify says its best developers haven't written a line of code since December, thanks to AI",,14281,2364,2026-02-13 02:22:06,technology
Firefox 148 introduces the promised AI kill switch for people who aren't into LLMs,,14266,676,2026-02-26 13:33:53,technology
The first signs of burnout are coming from the people who embrace AI the most,,13856,903,2026-02-10 19:48:58,technology
FTC wants Apple News to promote more Fox News and Breitbart stories,,13584,893,2026-02-14 02:06:01,technology
"CNN’s Jake Tapper Breaks News of Paramount Buying Network’s Parent Company WBD Live on Air: ""It Affects Everybody I’m Looking at Right Now in the Studio""",,13565,627,2026-02-27 20:30:14,technology
Discord delays global age verification rollout after backlash,,13524,857,2026-02-25 00:24:41,technology
A “QuitGPT” campaign is urging people to cancel their ChatGPT subscriptions,,13488,716,2026-02-11 22:08:49,technology
A Chinese official’s use of ChatGPT accidentally revealed a global intimidation operation,,12547,465,2026-02-27 11:07:46,technology
"Ford CEO Jim Farley says ""the customer has spoken"" after its EV business lost nearly $5 billion in 2025",,12428,3299,2026-02-14 03:03:56,technology
UK: Pornography depicting sexual relationships between step-relatives set to be banned,,12370,1784,2026-03-03 14:33:44,technology
Once unthinkable: Canada may choose a non-US fighter,,11908,712,2026-02-15 12:13:37,technology
Pentagon moves to designate Anthropic as a supply-chain risk,,11868,654,2026-02-28 05:06:38,technology
Data centers are now hoarding SSDs as hard drive supplies dry up,,11825,847,2026-02-23 23:37:29,technology
BMW Commits to Subscriptions Even After Heated Seat Debacle,,11776,1192,2026-02-05 00:53:07,technology
FBI Couldn’t Get into WaPo Reporter’s iPhone Because It Had Lockdown Mode Enabled,,11632,483,2026-02-06 07:28:14,technology
"Apple Launches $599 MacBook Neo, Threatening Windows PC Market",,11300,2376,2026-03-04 20:09:15,technology
Trillion-dollar AI market wipeout happened because investors banked that ‘almost every tech company would come out a winner’,,11217,673,2026-02-17 02:13:33,technology
Amazon blames human employees for an AI coding agent’s mistake / Two minor AWS outages have reportedly occurred as a result of actions by Amazon’s AI tools.,,11181,480,2026-02-20 22:24:01,technology
"Anthropic rejects Pentagon's requests in AI safeguards dispute, CEO says",,11060,354,2026-02-27 04:35:57,technology
Scoop: Pentagon takes first step toward blacklisting Anthropic,,10772,705,2026-02-26 06:04:21,technology
Homeland Security Spying on Reddit Users,,10457,928,2026-02-08 16:46:33,technology
"Roblox, Reddit and Discord users compelled to use biometric ID system backed by Palantir co-founder Peter Thiel",,10146,1197,2026-02-18 11:46:15,technology
China invents process that turns desert sand into fertile soil in just 10 months,,9807,441,2026-02-24 02:28:14,technology
The EU moves to kill infinite scrolling,,9797,578,2026-02-13 21:03:43,technology
How did the FBI get Nancy Guthrie's Google Nest camera footage if it was disabled — and what does it mean for your privacy?,,9557,614,2026-02-13 04:31:30,technology
"Anthropic safety researcher quits, warning ""world is in peril""",,9305,468,2026-02-11 21:18:17,technology
Amazon confirms its UAE data centers were 'directly struck' by Iranian drones on Sunday,,9286,464,2026-03-03 11:34:26,technology
Dario Amodei on Anthropic's Pentagon spat: 'Disagreeing with the government is the most American thing in the world',,9164,97,2026-03-01 21:50:39,technology
An AI startup founder says he’s planning a ‘March for Billionaires’ in protest of California’s wealth tax,,9050,997,2026-02-07 08:44:43,technology
The Pentagon Just Sent a Terrifying Message to AI Companies,,8843,439,2026-02-17 03:36:54,technology
Harmful chemicals found in dozens of popular headphones,,8827,998,2026-02-20 13:09:49,technology
The Pentagon’s Claude Use in Iran Is a Reminder that Anthropic Never Objected to Military Use,,8799,182,2026-03-02 09:42:18,technology
Treasury Secretary Bessent warns Coinbase is blocking major legislation,,8788,319,2026-02-12 03:24:58,technology
"iFixIt calls BMW’s new anti-consumer security screws ""a logo-shaped middle finger to right to repair,"" Adafruit 3D prints a solution — BMW's connector reverse engineered using patent filing as a design blueprint",,8539,432,2026-02-15 13:14:43,technology
'What a great way to kill your community': Discord users are furious about its new age verification checks — and are now hunting for alternatives,,8452,747,2026-02-10 22:01:40,technology
Your Discord Data Is Being Sold to Law Enforcement and AI Companies,,8241,227,2026-02-13 07:09:15,technology
"California introduces age verification law for all operating systems, including Linux and SteamOS — user age verified during OS account setup",,7947,1681,2026-03-01 22:14:04,technology
"Grok Exposed a Porn Performer’s Legal Name and Birthdate—Without Even Being Asked | In the latest in a string of privacy abuses from the chatbot, Grok provided porn performer Siri Dahl's full legal name and birthdate to the public, information she'd protected until now.",,7872,452,2026-02-22 05:51:52,technology
AI Companies Sold Us Their Vision of the Future at the Super Bowl. Here’s Why We Should Reject It,,7678,481,2026-02-09 19:39:16,technology
"Gran, 82, loses $200k retirement savings in AI deepfake doctor scam",,7512,516,2026-02-07 22:29:55,technology
Trapped Tesla Driver’s 911 Call: ‘It’s on fire. Help please’,,7410,1247,2026-02-05 17:22:38,technology
Nvidia's $100 billion OpenAI deal has seemingly vanished,,7315,344,2026-02-04 10:18:26,technology
Leaked Email Shows Dystopian Plan for Ring ‘Search Party’ Feature,,7278,316,2026-02-18 23:03:33,technology
AI-generated art can’t be copyrighted after Supreme Court declines to review the rule,,7273,221,2026-03-04 22:35:25,technology
Acer and ASUS are now banned from selling PCs and laptops in Germany following Nokia HEVC video codec patent ruling,,7169,362,2026-02-16 02:35:50,technology
"No One, Including Our Furry Friends, Will Be Safer in Ring's Surveillance Nightmare",,7151,261,2026-02-12 00:00:40,technology
Hackers Expose Discord Age Verification System Issue After Persona Frontend Code Left Wide Open,,7143,324,2026-02-21 03:31:50,technology
Homeland Security is trying to force tech companies to hand over data about the President's critics,,6893,304,2026-02-06 08:53:58,technology
"Netflix Backs Out of Warner Bros. Bidding, Paramount Set to Win",,6871,1028,2026-02-27 04:23:27,technology
"Sam Altman says the quiet part out loud, confirming some companies are ‘AI washing’ by blaming unrelated layoffs on the technology",,6819,322,2026-02-20 08:04:59,technology
Investigators wrangled video from Nancy Guthrie’s Google Nest camera out of ‘backend systems’,,6768,515,2026-02-12 03:51:12,technology
"Valve’s Steam Machine has been delayed, and the RAM crisis will impact pricing",,6778,614,2026-02-05 07:03:53,technology
A White House Staffer Appears to Run Massive Pro-Trump X Account,,6640,122,2026-02-26 02:30:40,technology
Polymarket saw $529M traded on bets tied to bombing of Iran,,6543,325,2026-03-02 05:28:43,technology
Ohio EPA weighs allowing data centers to dump wastewater into rivers,,6502,665,2026-03-02 20:37:18,technology
John Oliver gives a brutal summary of the current state of X,,6246,324,2026-02-26 03:57:19,technology
"Vibe Coding Is Killing Open Source Software, Researchers Argue",,6133,525,2026-02-08 18:02:27,technology
Anthropic to Pentagon: Autonomous weapons could hurt US troops and civilians,,5973,293,2026-02-27 22:16:31,technology
Employees at Google and OpenAI support Anthropic’s Pentagon stand in open letter,,5953,163,2026-02-28 14:43:28,technology
"Over 80% of companies report no productivity gains from AI so far despite billions in investment, survey suggests — 6,000 executives also reveal 1/3 of leaders use AI, but only for 90 minutes a week",,5930,564,2026-02-19 17:43:19,technology
Elon Musk's xAI loses second cofounder in 48 hours,,5839,124,2026-02-15 05:19:09,technology
Workday's CEO is out less than a week after 400 job cuts,,5780,289,2026-02-11 05:22:08,technology
‘The brain needs to be used’: Pope Leo warns priests over use of AI for writing sermons,,5725,119,2026-03-04 01:48:23,technology
Leaked Email Suggests Ring Plans to Expand ‘Search Party’ Surveillance Beyond Dogs,,5608,353,2026-02-19 00:01:28,technology
US air defenses may not be able to intercept many of Iran’s one-way drones,,5496,808,2026-03-05 08:52:32,technology
"Sam Altman compares AI energy use to the cost of ""training"" humans, says water-usage concerns are ""fake""",,5472,1013,2026-02-23 19:40:41,technology
US companies accused of ‘AI washing’ in citing artificial intelligence for job losses | US news,,5471,173,2026-02-09 06:05:06,technology
"Polymarket defends its decision to allow betting on war as ‘invaluable’ / Everything is gambling now, even human suffering.",,5399,262,2026-03-01 02:20:27,technology
Discord Mandates ID and Face Scans Under New CEO,,5318,806,2026-02-11 14:43:27,technology
AI blamed again as hard drives are sold out for this year,,5265,730,2026-02-22 22:45:44,technology
"Many consumer electronics manufacturers 'will go bankrupt or exit product lines' by the end of 2026 due to the AI memory crisis, Phison CEO reportedly says",,5262,555,2026-02-17 04:54:27,technology
'Cancel ChatGPT': AI boycott surges after OpenAI-Pentagon military deal,,5261,127,2026-03-02 18:00:05,technology
OpenAI retired its most seductive chatbot – leaving users angry and grieving: ‘I can’t live like this’,,5223,869,2026-02-15 04:46:01,technology
$300 Billion Evaporated. The SaaS -Pocalypse Has Begun.,,5211,350,2026-02-06 13:47:12,technology
"US decides SpaceX is like an airline, exempting it from Labor Relations Act.  US labels SpaceX a common carrier by air, will regulate firm under railway law.",,5194,215,2026-02-12 04:30:49,technology
IBM stock dives after Anthropic points out AI can rewrite COBOL fast,,5184,575,2026-02-24 09:14:35,technology
Discord to start assuming all users are underage unless they prove otherwise,,5146,539,2026-02-10 04:00:44,technology
Amazon Wishlist change doxxes users and shares your delivery address,,5115,231,2026-02-26 03:41:03,technology
OpenAI changes deal with US after backlash,,5100,422,2026-03-03 19:11:24,technology
Anthropic is somehow both too dangerous to allow and essential to national security,,4948,105,2026-02-28 08:10:30,technology
Stephen Colbert says CBS didn't air interview out of fear of FCC,,4941,109,2026-02-17 23:57:47,technology
"Sam Altman would like remind you that humans use a lot of energy, too",,4930,941,2026-02-22 10:13:44,technology
"LLMs used tactical nuclear weapons in 95% of AI war games, launched strategic strikes three times",,4918,352,2026-02-27 15:00:33,technology
OpenAI’s Altman admits defense deal was ‘opportunistic and sloppy’ amid backlash,,4912,446,2026-03-03 09:14:15,technology
"Netflix Boss Ted Sarandos Speaks Out After Losing Warner Bros. Bid: Paramount Offers Were ‘Irrational,’ Relied on Political Pressure Because It’s ‘Cheaper to Make Noise’",,4903,203,2026-03-02 20:13:17,technology
"Valve breaks its silence on Steam Deck OLED scarcity and yes, it's because of the RAM and storage crisis",,4900,208,2026-02-17 18:04:52,technology
Polish Train Maker Is Suing the Hackers Who Exposed Its Anti-Repair Tricks,,4868,95,2026-03-01 16:24:45,technology
"Nicki Minaj’s social media propped up by thousands of bots, analysis finds | An analysis shared with POLITICO reveals the rap sensation’s advocacy for conservative causes has been amplified by an army of bots and coordinated activity.",,4826,138,2026-02-24 01:57:16,technology
Meta’s AI facial recognition smart glasses plan ‘will put women at risk’,,4799,523,2026-02-24 14:38:45,technology
"Best Buy worker used manager’s code to get 99% off MacBooks, Florida cops say | Employee Matthew Lettera, allegedly exploited Best Buy’s discount system for months.",,4737,320,2026-02-17 02:42:55,technology
"China May Soon Ban Steering Yokes, Mandate Physical Buttons for Key Car Functions",,4731,283,2026-02-15 08:46:48,technology
"New York sues video game developer Valve, says its 'loot boxes' are gambling",,4691,822,2026-02-26 01:48:36,technology
"Replacing actors with AI is ""dumb as hell,"" says Clair Obscur: Expedition 33 and Baldur's Gate 3 star Jennifer English, because ""humanness"" is what makes these RPGs ""so beloved""",,4672,358,2026-03-04 02:52:30,technology
"New Xbox Boss Is Worried About Birthrates, Says AI Will Save Us",,4665,1001,2026-02-23 22:53:40,technology
"President admin is ""destroying medical research,"" Senate report finds | In a Senate hearing Tuesday, NIH director Jay Bhattacharya dismissed concern about research chaos.",,4604,55,2026-02-05 03:00:44,technology
Pentagon threatens to make Anthropic a pariah if it refuses to drop AI guardrails,,4587,284,2026-02-25 07:36:32,technology
"FCC chair wants the Pledge of Allegiance and national anthem on the airwaves every day.  Brendan Carr announced a campaign urging broadcasters ""to air patriotic, pro-America programming in support of America's 250th Birthday",,4522,1405,2026-02-22 00:47:03,technology
This App Warns You if Someone Is Wearing Smart Glasses Nearby,,4515,504,2026-02-24 22:11:31,technology
Anthropic ditches its core safety promise in the middle of an AI red line fight with the Pentagon,,4470,420,2026-02-25 20:59:35,technology
Google offers voluntary exit option to employees not comfortable with faster AI pace,,4417,413,2026-02-12 22:57:41,technology
"Tesla Sales Down 55% in UK, 58% in Spain, 59% in Germany, 81% in Netherlands, 93% in Norway vs. 2024",,4406,327,2026-02-18 15:55:17,technology
Teams’ invasive Wi‑Fi location tracking feature sparks backlash as majority of users say Microsoft crossed a line between productivity and surveillance — “There must be a team at Microsoft tasked with making Teams worse”,,4396,157,2026-03-02 08:45:17,technology
"OpenAI is negotiating with the U.S. government, Sam Altman tells staff",,4314,353,2026-02-28 05:42:50,technology
"FBI says ATM 'jackpotting' attacks are on the rise, and netting hackers millions in stolen cash",,4318,474,2026-02-20 16:55:31,technology
A Stock Market Doom Loop Is Hitting Everything That Touches AI,,4300,261,2026-02-16 03:31:00,technology
AMC Theatres Won’t Screen AI Short Film ‘Thanksgiving Day’ That Sparked Online Outrage: We Will ‘Not Participate’,,4244,453,2026-02-20 01:36:49,technology
The RAM shortage is coming for everything you care about,,4254,844,2026-02-19 18:49:38,technology
Bondi Bragged About Forcing Facebook To Censor Speech. Now FIRE Is Suing.,,4247,45,2026-02-25 06:11:00,technology
The Pentagon has confirmed that US forces struck Iranian targets using weapons that are copies of Iran's own Shahed 136 suicide drones,,4165,210,2026-03-03 06:22:50,technology
"X's Algorithm Pushes Users to Lean More Conservative, Researchers Find",,4155,341,2026-02-19 02:33:52,technology
Human brain cells on a chip learned to play Doom in a week,,4096,463,2026-02-28 02:59:05,technology
Chinese AI company unveils $173K ‘biometric’ robot built for human companionship,,4082,714,2026-02-10 04:49:54,technology
Japan Has Created the World's First Engine That Generates Electricity on 30% Hydrogen,,4066,422,2026-02-16 09:32:54,technology
UK government announces ban on 'incest simulation' in porn,,4065,816,2026-02-24 21:55:56,technology
"You can jailbreak an F-35 just like an iPhone, says Dutch defense chief",,3999,354,2026-02-19 07:14:27,technology
"The Car World Is Going Electric, Without America.",,3989,519,2026-03-05 05:01:41,technology
The EU Moves To Kill Infinite Scrolling,,3948,246,2026-02-16 01:53:18,technology
Tesla U.S. Sales Fall for Fourth Straight Month in January,,3937,330,2026-02-21 16:48:23,technology
Conduent data breach could be largest in U.S. history,,3901,438,2026-02-23 07:41:41,technology
"Joseph Gordon-Levitt Goes To Washington DC, Gets Section 230 Completely Backwards",,3847,428,2026-02-13 10:01:39,technology
Researchers Warn: WiFi Could Become an Invisible Mass Surveillance System,,3791,267,2026-02-04 15:43:46,technology
"Goodbye to nuclear submarines: Australia signed a $368 billion deal with the United States to receive them, but a new congressional report makes it clear that they may never arrive",,3791,332,2026-02-16 22:26:06,technology
"Hobbyist rescues $500 of RAM from local landfill — a ""major haul"" exposes our throwaway culture during one of the worst hardware shortages ever",,3781,145,2026-02-09 21:12:13,technology
"With Ring, American Consumers Built a Surveillance Dragnet",,3769,284,2026-02-11 00:59:34,technology
Colorado Lawmakers Push for Age Verification at the Operating System Level,,3736,720,2026-02-22 03:38:04,technology
UN approves 40-member scientific panel on the impact of artificial intelligence over US objections,,3711,49,2026-02-13 21:28:27,technology
Scientists restore knee cartilage using targeted injection,,3683,120,2026-02-17 05:09:24,technology
Breakthrough: Scientists Created a 'Universal' Kidney To Match Any Blood Type,,3650,73,2026-02-08 03:23:11,technology
Anthropic rejects Pentagon’s AI demands,,3541,105,2026-02-27 07:12:54,technology
The stock market is reflecting fears of an AI apocalypse for white-collar jobs,,3459,599,2026-02-15 22:03:04,technology
Amazon to Spend $200 Billion on AI Infrastructure; AMZN Stock Drops,,3437,197,2026-02-06 05:02:27,technology
Mandatory Subcutaneous Microchips for Employees May Soon Be Banned in Washington State,,3429,335,2026-03-03 17:11:27,technology
"Goldman Sachs says AI's impact on the US economy was ""basically zero"" last year",,3435,184,2026-02-25 20:04:24,technology
"‘In the end, you feel blank’: India’s female workers watching hours of abusive content to train AI",,3425,194,2026-02-05 15:23:13,technology
"After $30 billion in school tech, the laptop classroom experiment may have backfired",,3415,334,2026-02-24 19:15:30,technology
"Pinterest CEO rebukes, fires ‘obstructionist’ employees who created tool to track layoffs",,3401,237,2026-02-04 08:56:00,technology
Sam Altman got exceptionally testy over Claude Super Bowl ads,,3392,237,2026-02-05 17:17:55,technology
The great computer science exodus (and where students are going instead),,3363,493,2026-02-15 18:06:16,technology
"Jack Dorsey lays off 4,000, says others will do same 'within the next year'",,3337,484,2026-02-27 21:58:07,technology
"YouTube Revenue for Full-Year 2025 Topped $60 Billion, Making Video Platform Bigger Than Netflix | Ad revenue hit record $11.38 billion in Q4 but fell short of Wall Street expectations",,3291,307,2026-02-07 00:52:03,technology
"""How I disabled 13 AI features in Windows 11 safely, no third-party apps needed""",,3254,303,2026-02-06 13:34:22,technology
DOJ Launches Bunk Investigation Of Netflix Merger As a Favor To Larry Ellison,,3211,104,2026-02-12 03:25:07,technology
"He saw an abandoned trailer. Then, he uncovered a surveillance network on California’s border",,3182,101,2026-02-26 22:28:32,technology
Swarms of AI bots can sway people’s beliefs – threatening democracy,,3172,227,2026-02-14 18:24:33,technology
"Report: Data centers’ air pollution associated with lung issues, death",,3148,111,2026-02-25 23:47:38,technology
"Sam Altman would like to remind you that humans use a lot of energy, too",,3078,524,2026-02-23 17:01:54,technology
"Amazon expands layoffs with 2,200 job cuts",,3076,206,2026-02-05 10:30:22,technology
IBM stock tumbles 10% after Anthropic launches COBOL AI tool,,3078,374,2026-02-24 04:26:12,technology
Palantir Shifts HQ to Miami From Denver After Protests,,3055,143,2026-02-18 05:45:53,technology
"It Turns Out That When Waymos Are Stumped, They Get Intervention From Workers in the Philippines",,2997,184,2026-02-07 09:21:10,technology
"Steam is giving some players refunds for Ashes of Creation, which had the biggest MMO Kickstarter campaign ever, after leadership resignation and mass layoffs",,2995,162,2026-02-08 03:15:38,technology
YouTube is Down,,2972,364,2026-02-18 07:05:27,technology
YouTube reaction videos could face lawsuits over ripped footage,,2946,222,2026-02-09 19:38:12,technology
Meta says it won't chop the bottom 5% performers this year,,2946,496,2026-02-14 10:34:14,technology
"Hideki Sato, the designer behind virtually every Sega console, and the company’s former president, has died age 77 | Sato helmed design for consoles including Mega Drive, Saturn, and Dreamcast",,2939,74,2026-02-16 02:43:56,technology
Anthropic won’t budge as Pentagon escalates AI dispute,,2883,141,2026-02-25 04:38:15,technology
Detroit Automakers Take $50 Billion Hit as EV Bubble Bursts,,2874,1187,2026-02-13 17:19:11,technology
Apple introduces iPhone 17e,,2877,484,2026-03-02 22:17:29,technology
"John Oliver Says Paramount Buying Warner Bros. Is ""Not Great News"": ""We might be getting a new business daddy! In fact, if I may quote anyone who’s ever accidentally sat on their Roku remote, I’m in Paramount now. How the f--k do I get out of here?""",,2831,31,2026-03-03 07:55:38,technology
"As AI enters the operating room, reports arise of botched surgeries and misidentified body parts",,2810,206,2026-02-09 21:16:00,technology
The AI boom is so huge it’s causing shortages everywhere else,,2785,224,2026-02-08 12:55:42,technology
"Lawmakers Demand DHS Define ‘Domestic Terrorist’ As It Uses Vast Array of Surveillance Tools | Rep. Bennie G. Thompson and other Democrats made the demand in a letter to DHS Kristi Noem. “Your actions are abhorrent, blatantly unconstitutional, and corrosive to the functioning of a peaceful society.”",,2780,41,2026-03-01 08:06:40,technology
FBI Got Grok to Hand Over Prompts Used to Create Nonconsensual Porn,,2737,122,2026-02-26 03:47:38,technology
"As AI ‘very quickly’ blurs truth and fiction, experts warn of U.S. threat",,2737,102,2026-02-09 00:40:45,technology
Japan to ban in-flight use of power banks starting in April,,2729,263,2026-03-01 23:51:37,technology
"‘Ripping’ Clips for YouTube Reaction Videos can Violate the DMCA, Court Rules",,2723,223,2026-02-05 20:14:05,technology
"Spectrum loses 119,000 internet customers, plans major changes",,2699,518,2026-02-04 14:18:35,technology
Uber ordered to pay $8.5m over claim driver raped passenger,,2661,107,2026-02-08 23:42:10,technology
‘Unbelievably dangerous’: experts sound alarm after ChatGPT Health fails to recognise medical emergencies | Study finds ChatGPT Health did not recommend a hospital visit when medically necessary in more than half of cases,,2557,211,2026-02-27 04:16:23,technology
"Jensen Huang says Nvidia is pulling back from OpenAI and Anthropic, but his explanation raises more questions than it answers",,2461,142,2026-03-05 07:24:03,technology
"Cops Are Buying ‘GeoSpy’, an AI That Geolocates Photos in Seconds",,2450,127,2026-02-12 20:56:13,technology
Zazie Beetz Says ‘We Need to Rally the Troops’ Against AI: ‘Get People Mad About It and Do Something’,,2446,248,2026-02-14 01:14:48,technology
RFK Jr's Nutrition Chatbot Recommends Best Foods to Insert Into Your Rectum,,2444,121,2026-02-11 03:28:34,technology
Uber employees have an AI clone of CEO Dara Khosrowshahi — and use 'Dara AI' before talking to the big boss himself,,2435,171,2026-02-25 17:24:48,technology
Big Tech still dreams of mass surveillance — now people are pushing back,,2397,62,2026-02-21 16:38:19,technology
93% Success Rate Shown in Experimental Sleep Apnea Procedure,,2387,214,2026-02-11 20:23:27,technology
The College Board Is Banning Students From Using Smart Glasses During the SATs,,2377,99,2026-02-06 06:09:52,technology
China Beats U.S. on Another Automotive Innovation: Banning Electronic Door Handles,,2369,162,2026-02-06 18:20:41,technology
Warner Bros. Discovery CEO David Zaslav Tries To Sell Paramount Deal To Shocked &amp; Disappointed Employees At Town Hall: “We’re The Envy Of All Of The Industry”,,2350,358,2026-02-28 19:04:28,technology
"More than 135,000 OpenClaw instances exposed to internet in latest vibe-coded disaster",,2348,153,2026-02-10 13:33:53,technology
The backlash over OpenAI's decision to retire GPT-4o shows how dangerous AI companions can be,,2336,325,2026-02-07 22:30:23,technology
NYC Council pushes to ban stores from collecting biometric data,,2314,30,2026-03-03 03:56:05,technology
LLMs can unmask pseudonymous users at scale with surprising accuracy,,2284,248,2026-03-03 19:53:32,technology
Tesla loses bid to overturn $243M Autopilot verdict,,2288,49,2026-02-20 23:12:03,technology
"Father sues Google, claiming Gemini chatbot drove son into fatal delusion",,2257,281,2026-03-04 23:19:34,technology
"Nicki Minaj's MAGA Posting Spree Boosted by Bots, New Report Claims",,2230,45,2026-02-24 04:55:51,technology
AI gold rush sees tech firms embracing 72-hour weeks,,2205,301,2026-02-09 12:24:04,technology
"Anthropic CEO Dario Amodei suggests OpenAI doesn't ""really understand the risks they're taking""",,2184,168,2026-02-16 20:52:10,technology
"After its teen social media ban, Australia is swooping on Roblox following 'ongoing concerns about online child grooming'",,2179,168,2026-02-10 08:08:17,technology
DOGE Bro’s Grant Review Process Was Literally Just Asking ChatGPT ‘Is This DEI?’,,2170,87,2026-02-19 23:09:54,technology
New York Is the Latest State to Consider a Data Center Pause,,2167,60,2026-02-07 02:01:12,technology
X Goes Down: Social Media Site Not Working for Thousands of Users Worldwide,,2149,301,2026-02-16 19:56:29,technology
OpenAI reaches deal to deploy AI models on U.S. Department of War classified network,,2137,440,2026-02-28 08:53:18,technology
How dark web agent spotted bedroom wall clue to rescue girl from abuse,,2138,113,2026-02-17 04:46:26,technology
"Discord Alternatives, Ranked",,2128,601,2026-02-11 01:18:23,technology
Microsoft says bug causes Copilot to summarize confidential emails,,2132,148,2026-02-19 00:25:06,technology
"Entry level PCs costing less than $500 ‘will disappear by 2028’, research firm predicts",,2137,260,2026-03-02 19:19:58,technology
Random or anonymous chat apps no longer welcome on the App Store,,2053,145,2026-02-07 17:05:11,technology
Instagram boss says 16 hours of daily use is 'problematic' not addiction,,2039,147,2026-02-17 06:57:18,technology
John Carmack muses using a long fiber line as as an L2 cache for streaming AI data — programmer imagines fiber as alternative to DRAM,,2031,304,2026-02-10 03:54:29,technology
"6,000 execs struggle to find the AI productivity boom",,2026,155,2026-02-19 05:39:23,technology
X removes classic Dim display option because they “don’t have capacity” for 3 colors,,2009,159,2026-02-12 20:20:06,technology
Discord will decide which servers to age-gate 'with a combination of automated detection with AI validation and human review',,2003,249,2026-02-18 06:33:14,technology
Microsoft sets Copilot agents loose on your OneDrive files,,1997,222,2026-02-07 07:34:22,technology
"Proposed data center in New Brunswick, New Jersey, denied by local authorities",,1983,34,2026-02-22 23:39:19,technology
"Putin tried to freeze Ukraine. Instead, he sparked an energy Revolution.",,1958,72,2026-02-23 23:26:43,technology
Smartphone market poised for 'sharpest decline on record' in 2026,,1959,377,2026-02-28 03:38:18,technology
"Sam Altman reveals OpenAI ""agreement"" with DOD as Anthropic phases out",,1956,216,2026-03-01 18:07:33,technology
"US gov't warned Nvidia CEO Jensen Huang, Tim Cook, and Lisa Su that China could invade Taiwan by 2027 — Apple CEO reportedly said he sleeps 'with one eye open'",,1953,381,2026-02-25 04:41:05,technology
"Doom devs including John Romero respond to terminally ill fan 'Wanderingreader' spending his final days playing Doom: The Dark Ages: ""You are not alone in that hospital room"": ""You are the definition of bravery and courage. You are the reason DOOM exists.""",,1949,52,2026-02-04 07:27:19,technology
"EVs Will 'Probably' Cost Less Than Gas Cars In Five Years, Volvo CEO Says",,1937,455,2026-02-03 23:53:17,technology
AI Doesn’t Reduce Work—It Intensifies It,,1936,216,2026-02-11 12:38:02,technology
LG joins Sony and TCL in abandoning 8K TV market,,1926,320,2026-02-04 09:09:38,technology
The Pentagon Feuding With an AI Company Is a Very Bad Sign,,1912,89,2026-02-28 00:03:00,technology
"Attorney General Bonta Exposes Amazon Price Fixing Scheme Driving Up Costs for Americans, Asks Court to Immediately Halt Illegal Conduct",,1906,30,2026-02-25 23:48:19,technology
Mazda Finally Admits Its Infotainment System Is the Worst,,1915,432,2026-02-17 05:54:18,technology
DeepSeek to release long-awaited AI model in new challenge to US rivals,,1914,149,2026-03-01 04:30:31,technology
AWS suffered ‘at least two outages’ caused by AI tools,,1897,93,2026-02-23 00:42:57,technology
"Iowa sues GM, OnStar for selling Iowans' data without consent",,1864,31,2026-03-03 17:36:03,technology
U.S. Supreme Court declines to hear dispute over copyrights for AI-generated material,,1863,241,2026-03-03 16:53:59,technology
"An AI agent just tried to shame a software engineer after he rejected its code | When a Matplotlib volunteer declined its pull request, the bot published a personal attack",,1855,132,2026-02-13 05:31:01,technology
"AMD falls 17%, posts worst day since 2017 as Lisa Su addresses guidance concerns",,1857,138,2026-02-05 06:10:19,technology
California Attorney General Warns Paramount That Warner Bros. Discovery Acquisition is ‘Not a Done Deal’,,1848,56,2026-02-27 09:50:11,technology
Uber found liable for sexual assault in first of thousands of similar lawsuits﻿ / A federal jury has ordered Uber to pay the victim $8.5 million in damages.,,1845,75,2026-02-06 18:25:44,technology
"The RAM crunch could kill products and even entire companies, memory exec admits",,1824,328,2026-02-19 10:45:31,technology
"Exclusive: Key US infectious-diseases centre to drop pandemic preparation.
Staff members have been instructed to scrub this topic and ‘biodefense’ from the agency’s website.",,1816,162,2026-02-14 02:12:25,technology
AI surgery tool blamed for injuring patients instead of helping heal them,,1813,169,2026-02-16 16:16:44,technology
Laid-off Big Tech workers are haunted by one question,,1808,427,2026-02-08 07:11:46,technology
Cubans fight blackouts with solar as US extends oil chokehold,,1792,196,2026-02-22 17:19:31,technology
Google Maps Is Now Less Useful If You’re Not Signed In | Those who aren't signed into a Google account are moved to what Maps calls a 'limited view.',,1781,207,2026-02-20 05:58:19,technology
"Microsoft uses plagiarized AI slop flowchart to explain how Github works, removes it after original creator Vincent Driessen calls it out: ""The AI rip-off was not just ugly. It was careless, blatantly amateuristic, and lacking any ambition, to put it gently. Microsoft unworthy.""",,1755,98,2026-02-20 19:40:45,technology
Banning children from VPNs and social media will erode adults' privacy,,1749,230,2026-02-27 21:07:42,technology
The volunteer Wikipedia army protecting against AI slop,,1752,5,2026-02-05 21:32:06,technology
Leaked Documents Show Meta Cracking Down on Access to Abortion Information,,1745,35,2026-02-26 17:33:44,technology
Banks seek out new buyers for Oracle data centre loans,,1713,143,2026-02-04 19:08:37,technology
Moderna says FDA refuses to review its application for experimental flu shot,,1711,84,2026-02-11 06:00:34,technology
US Supreme Court to decide if 1988 video tape privacy law applies to internet uses,,1685,67,2026-02-08 05:29:18,technology
Australia’s grid now relies on renewable energy as much as coal. Those who doubted it look foolish,,1682,76,2026-02-08 03:50:03,technology
"Unsealed Court Documents Show Teen Addition Was Big Tech's ""Top Priority""",,1674,66,2026-02-06 03:53:50,technology
New Toothpaste Stops Gum Disease Without Harming Healthy Bacteria,,1672,128,2026-03-03 03:46:01,technology
Facial Recognition Tech Used To Hunt Migrants Was Deployed Without Required Privacy Paperwork,,1666,28,2026-02-07 02:23:00,technology
Get Ready for a Flood of Cheap Used EVs,,1647,616,2026-02-17 20:26:33,technology
'Impossible': Taiwan pushes back against Washington’s 40% chip supply relocation goal,,1629,225,2026-02-10 16:19:05,technology
New iron nanomaterial wipes out cancer cells without harming healthy tissue,,1621,73,2026-03-03 06:53:09,technology
Washington state bill would ban employers from forcibly microchipping workers,,1622,234,2026-03-03 20:03:12,technology
Texas DOT Says I-35 Overpass That’s Obviously Splitting Is ‘Structurally Sound’,,1617,241,2026-02-19 00:45:19,technology
Pentagon asked to probe SpaceX for potential Chinese ownership,,1612,44,2026-02-05 22:23:59,technology
Linus Torvalds: Someone ‘more competent who isn't afraid of numbers past the teens’ will take over Linux one day,,1593,99,2026-02-23 10:40:12,technology
Spain becomes first country in Europe to ban social media for under-16s,,1583,107,2026-02-04 00:19:36,technology
Downdetector and Speedtest have been sold for over $1 billion,,1559,206,2026-03-04 08:27:43,technology
"Data center builders thought farmers would willingly sell land, learn otherwise",,1545,94,2026-02-24 14:02:06,technology
"'Students Are Being Treated Like Guinea Pigs:' Inside an AI-Powered Private School | The documents show Alpha School's AI is generating faulty lessons that sometimes do ""more harm than good.""",,1537,70,2026-02-18 20:09:07,technology
Anthropic CEO says company cannot accede to Pentagon's request in AI safeguards dispute,,1515,53,2026-02-27 05:41:10,technology
Electric Cars Are Making It Easier To Breathe: Study,,1508,112,2026-02-09 21:13:57,technology
Discord Voluntarily Pushes Mandatory Age Verification Despite Recent Data Breach,,1492,144,2026-02-13 05:58:40,technology
"TikTok post tells children ‘bring weapons’ for mass fight, Message divides up eight schools in Hackney, east London, and urges them to go ‘to war’",,1493,119,2026-02-14 04:03:25,technology
Anthropic boss rejects Pentagon demand to drop AI safeguards,,1489,46,2026-02-27 14:54:34,technology
Google’s Gemini app has surpassed 750M monthly active users,,1488,233,2026-02-05 05:18:06,technology
Why are people disconnecting or destroying their Ring cameras?,,1454,215,2026-02-13 03:54:50,technology
Novo Nordisk sues Hims &amp; Hers over copycat versions of Wegovy drugs; Hims stock falls 18%,,1455,115,2026-02-10 11:41:50,technology
"Fake faces generated by AI are now ""too good to be true,"" researchers warn",,1431,176,2026-02-21 19:28:32,technology
Former Google X exec says AI threatens capitalism and CEO jobs,,1431,245,2026-02-07 20:15:47,technology
CIOs are telling companies that AI capex spending has gone too far,,1424,159,2026-02-19 07:43:32,technology
"Using AI actually increases burnout despite productivity improvements, study shows — data illustrates how AI made workers take on tasks they would have otherwise avoided or outsourced",,1417,102,2026-02-12 17:48:37,technology
"Adobe reverses decision to discontinue Animate, apologizes for 'confusion and angst within the community'",,1406,110,2026-02-04 17:32:06,technology
"Heineken to slash up to 6,000 jobs in AI 'productivity savings' amid slump in beer sales",,1406,228,2026-02-14 22:06:01,technology
The Chinese government's ChatGPT account revealed a global operation to silence dissidents,,1410,250,2026-03-03 04:57:07,technology
"‘Ghost GDP,’ a white-collar recession, and the death of friction: Substack’s top finance writer warns of AI’s 2028 crisis that nobody sees coming",,1406,208,2026-02-24 22:36:31,technology
Yet another Windows update is wreaking havoc on gaming rigs worldwide — Nvidia recommends uninstalling Windows 11 KB5074109 January update to prevent framerate drops and artifacting,,1393,221,2026-02-06 11:24:11,technology
He Vowed to Revive RadioShack and Pier 1. Investors Say They Were Swindled.,,1390,181,2026-02-10 17:06:09,technology
ByteDance's Seedance 2.0 AI video generator sparks Hollywood outcry after viral clip,,1384,407,2026-02-16 19:31:54,technology
Newsom backs social media restrictions for teens under 16,,1377,271,2026-02-20 10:47:08,technology
Meta’s AI Smart Glasses and Data Privacy Concerns: Workers Say “We See Everything”,,1379,175,2026-03-03 09:23:52,technology
Verizon imposes new roadblock on users trying to unlock paid-off phones,,1372,226,2026-02-14 20:05:34,technology
"State Department to purge pre-Trump X posts in ""one voice"" policy",,1358,169,2026-02-08 01:05:26,technology
WA lawmakers advancing bill restricting employers from microchipping workers,,1357,136,2026-03-01 04:50:55,technology
"Google says attackers used 100,000+ prompts to try to clone AI chatbot Gemini",,1350,223,2026-02-12 18:48:51,technology
Now We Know Why Tesla Killed Autopilot,,1351,389,2026-02-19 17:17:38,technology
A Laser Weapon Targeted Suspected Drones. It Hit Party Balloons Instead.,,1323,79,2026-02-13 17:24:46,technology
AI Bots Are Now a Signifigant Source of Web Traffic,,1321,95,2026-02-04 21:17:55,technology
President orders the military to make agreements with coal power plants | The administration’s “reasoning” for doing so has little connection to reality.,,1304,102,2026-02-12 08:11:47,technology
"Age verification checks are now in force in the UK because of the Online Safety Act, but with the Discord fallout, it seems like one bad idea after another",,1297,144,2026-02-22 20:16:15,technology
"Judge fines lawyers $12,000 over AI-generated submissions in patent case",,1302,45,2026-02-04 12:47:54,technology
A new US military task force just used its cheap Shahed lookalike drones for the first time to strike Iran,,1296,144,2026-03-01 00:33:53,technology
RAM now represents 35 percent of bill of materials for HP PCs,,1284,84,2026-02-26 19:37:04,technology
"390TB video game archive Myrient being taken offline due to skyrocketing RAM, SSD, and hard drive prices — AI-driven supply squeeze results in closure of one of the largest online video game archives",,1288,55,2026-03-01 23:03:44,technology
"Dr. Oz pushes AI avatars as a fix for rural health care. Not so fast, critics say",,1280,148,2026-02-15 19:44:09,technology
Revealed: How Substack makes money from hosting Nazi newsletters,,1285,23,2026-02-08 00:33:27,technology
UK Government announces sweeping 'crackdown' on social media firms,,1282,187,2026-02-16 05:52:33,technology
Windows 11 update KB5077181 is causing critical boot loops for some users,,1273,344,2026-02-13 21:12:40,technology
A South Korean female serial killer learned how to kill people with sleeping pills through ChatGPT,,1262,173,2026-02-22 12:56:57,technology
ChatGPT down: OpenAI chatbot not working as website and app fail to load,,1260,199,2026-02-04 23:53:02,technology
Senators ask Meta why it waited so long to make teen accounts private by default,,1259,35,2026-02-05 23:02:51,technology
Train Sim World devs announce Thomas the Tank Engine game 'powered by Train Sim World' and the true train sickos are down: 'It will make 9 trainzillion dollars',,1251,86,2026-02-08 12:42:08,technology
Alaska House passes bill limiting AI sexual imagery and child social media use,,1248,58,2026-02-28 19:58:28,technology
New MacBook Neo on Apple Store website,,1251,243,2026-03-04 19:52:33,technology
An 18-Million-Subscriber YouTuber Just Explained Section 230 Better Than Every Politician In Washington,,1240,152,2026-02-11 23:21:34,technology
"Ad blocking is alive and well, despite Chrome's attempts to make it harder",,1245,144,2026-02-08 01:10:27,technology
New AI Data Leaks - More Than 1 Billion IDs And Photos Exposed,,1240,113,2026-02-20 23:55:35,technology
YouTube Music now makes you pay to see song lyrics,,1240,287,2026-02-10 23:36:47,technology
Kia EV Sales Are In An Absolute Freefall. There's More To It Than You Think,,1240,324,2026-02-04 02:01:08,technology
"Decades before the current AI boom, Oracle's Larry Ellison argued that applying AI to every problem was ""the height of nonsense.""",,1232,56,2026-02-12 01:57:32,technology
"Goldman Sachs taps Anthropic’s Claude to automate accounting, compliance roles",,1202,232,2026-02-06 23:49:46,technology
Cutting sugar can help brain cells survive after injury,,1190,67,2026-02-04 15:40:37,technology
US military reportedly used Claude in Iran strikes despite Trump’s ban,,1180,75,2026-03-01 23:20:32,technology
A Secret Soviet Plan to Nuke America From the South Pole Was Working. Until UFO Hunters Looked Up.,,1159,33,2026-02-27 01:49:22,technology
OpenAI raises $110B in one of the largest private funding rounds in history,,1160,308,2026-02-27 19:58:38,technology
Trump orders federal agencies to ‘immediately cease’ using Anthropic technology,,1158,130,2026-02-28 03:19:17,technology
Let me see some ID: age verification is spreading across the internet,,1154,402,2026-02-26 21:28:06,technology
"OpenAI executive who opposed ChatGPT ""adult mode"" fired over sex discrimination claim",,1142,39,2026-02-11 19:25:21,technology
Bots are taking over the internet and AI users are to blame,,1127,92,2026-02-17 03:41:03,technology
Meta cuts staff stock awards for a second straight year,,1120,168,2026-02-20 09:51:44,technology
US State Colorado Wants Operating Systems (Including Linux) to Tell Every App How Old You Are,,1118,361,2026-02-27 02:29:14,technology
Every Car Made After 2008 Has the Same Digital Security Risk,,1117,203,2026-03-02 03:31:00,technology
"Discord Co-Founder Admits Age Check Privacy Missteps, What’s Next",,1108,158,2026-02-25 20:31:25,technology
"U.S. Job market shock: AI cited in 7,600 layoffs amid 108,000 cuts in January",,1100,64,2026-02-09 21:40:25,technology
It's reportedly game over for 8K before it even got going as display industry support 'dwindles',,1099,329,2026-02-04 00:27:37,technology
Meta reportedly wants to add face recognition to smart glasses while privacy advocates are distracted,,1100,89,2026-02-13 20:54:23,technology
Satya Nadella decides Microsoft needs an engineering quality czar,,1079,316,2026-02-05 11:57:19,technology
"Microsoft CEO Satya Nadella says Bill Gates told him his big bet on OpenAI would be a flop: 'Yeah, you’re going to burn this billion dollars'",,1080,307,2026-02-23 20:21:38,technology
The Stupidest Glitch Imaginable Killed a $72 Million Lunar Mission in a Single Day,,1073,118,2026-03-05 01:24:13,technology
"‘This shouldn’t be normal’: developers speak out about bigotry on Steam, the world’s biggest PC gaming storefront | Multiple game creators describe ineffective moderation on the platform, resulting in unchecked hatred in forums and targeted campaigns of negative ‘anti-woke’ reviews",,1068,551,2026-02-21 03:21:18,technology
Anthropic AI Safety Researcher Warns Of World ‘In Peril’ In Resignation,,1051,115,2026-02-10 20:54:45,technology
Social Media Addiction: Facebook Whistleblower Says Big Tech Has Known &amp; Ignored Problem for Years,,1046,60,2026-02-19 22:19:31,technology
"Waymo denies using remote drivers after Senate testimony goes viral | The robotaxi company has come under scrutiny for its use of remote assistants, some of whom are based in the Philippines.",,1041,434,2026-02-22 18:25:58,technology
PS6 could reportedly be delayed while Switch 2 might get even more expensive as Sony and Nintendo reckon with brutal AI-led memory chip shortage,,1038,232,2026-02-16 17:17:27,technology
"Sam Altman Answers Questions on X.com About Pentagon Deal, Threats to Anthropic",,1028,152,2026-03-01 08:10:40,technology
FBI recovery of 'residual data' in Guthrie case raises privacy concerns on doorbell cameras | 9news.com,,1024,82,2026-02-11 14:31:24,technology
Iran war prediction market bets draw heat: 'Insane this is legal',,1024,35,2026-03-02 22:11:45,technology
Warning: Facebook Ads for Free Windows 11 Upgrade Will Infect PCs With Malware,,1020,59,2026-03-01 04:58:18,technology
Illinois man pleads guilty to hacking hundreds of Snapchat accounts to steal nude photos,,1017,97,2026-02-09 18:21:58,technology
Zuckerberg grilled about Meta's strategy to target 'teens' and 'tweens',,1013,36,2026-02-21 03:54:25,technology
"Databricks CEO says SaaS isn’t dead, but AI will soon make it irrelevant",,1008,184,2026-02-10 03:51:24,technology
Exclusive: US orders diplomats to fight data sovereignty initiatives,,996,80,2026-02-25 21:46:26,technology
"If Big Tech cared about fighting AI slop, it wouldn’t be drowning us in it / ﻿It’s harder to clean up a mess you’re still actively making.",,995,43,2026-02-23 21:45:56,technology
China’s laser mosquito defense system kills 30 bugs per second,,983,214,2026-02-26 16:44:00,technology
"A Software Glitched Turned Off The Lights, Then The Car Crashed",,951,103,2026-03-02 01:06:07,technology
Dozens of researchers will move to France from US following high-profile bid to lure talent,,947,72,2026-02-11 04:45:41,technology
Scientists Spotted Particles in Another Dimension. They Could Change Fundamental Physics.,,931,95,2026-02-19 06:54:19,technology
"12-hour days, no weekends: the anxiety driving AI’s brutal work culture is a warning for all of us",,926,106,2026-02-17 23:24:44,technology
Alphabet Plots Big Expansion in India as US Restricts Visas,,924,269,2026-02-04 02:35:47,technology
Germany eyes social media ban for kids,,917,334,2026-02-23 21:37:03,technology
China-made Loongson 12-core chip is approximately three times slower than six-core Ryzen 5 9600X — 3B6000 hampered by low clock speeds in Linux benchmarks,,918,241,2026-02-04 04:07:57,technology
"Spotify claims that its top engineers haven’t needed to write any code since December, all because of AI.",,911,531,2026-02-13 17:38:31,technology
"Device that can extract 1,000 liters of clean water a day from desert air revealed by 2025 Nobel Prize winner",,916,117,2026-03-01 14:53:59,technology
Microsoft execs worry AI will eat entry level coding jobs,,906,289,2026-02-24 09:20:25,technology
"Google experiments with locking YouTube Music lyrics behind paywall | After a lengthy test, YouTube Music is making lyrics a premium feature.",,892,177,2026-02-10 04:37:21,technology
Rufus blames Microsoft for allegedly blocking latest windows11 iso downloads,,900,96,2026-02-16 12:34:13,technology
Leaked audio: Warner Bros. Discovery CEO David Zaslav tells employees Paramount deal felt 'whiplash-y',,887,69,2026-02-27 23:27:03,technology
"AI can’t make good video game worlds yet, and it might never be able to",,884,381,2026-02-15 22:16:13,technology
Florida lawmakers advance E-bike safety bill with 10 mph sidewalk speed limit,,881,187,2026-02-09 02:28:21,technology
YouTube down in USA: Tens of thousands of users face problems amid outage; ‘something went wrong’,,880,191,2026-02-18 07:10:05,technology
Russia used Starlink in strike drones that reached Kyiv. SpaceX’s response collapsed entire command systemic,,879,66,2026-02-06 05:27:04,technology
Block lays off nearly half its staff because of AI. Its CEO said most companies will do the same,,869,303,2026-02-27 05:05:40,technology
"Wikipedia blacklists Archive.today, starts removing 695,000 archive links | If DDoSing a blog wasn’t bad enough, archive site also tampered with web snapshots.",,880,56,2026-02-21 04:17:18,technology
"Average Korean YouTuber income surpasses $52,000",,877,75,2026-02-17 01:34:28,technology
Metacritic will kick out media attempting to submit AI generated reviews,,867,14,2026-02-27 19:26:02,technology
Meta's own research found parental supervision doesn't really help curb teens' compulsive social media use,,870,165,2026-02-22 21:02:13,technology
Windows 10 Usage Rises to 40.25% in Latest Steam Hardware &amp; Software Survey,,854,140,2026-03-02 14:44:40,technology
Meta won’t let morality get in the way of a product launch,,854,40,2026-03-01 18:43:43,technology
"Microsoft Turns Ordinary Glass into a Permanent Hard Drive. One Tiny Square Can Store 2 Million Books for 10,000 Years",,842,197,2026-02-24 21:11:51,technology
"FDA chief warns U.S. is losing ground to China in early drug development, calls for faster trial approvals",,835,212,2026-02-19 06:21:13,technology
"Tunic, Night in the Woods publisher says TikTok is creating and running racist GenAI ads for its games without permission",,837,36,2026-02-21 01:14:21,technology
"Study: In Russian, AI repeats propaganda in up to 86% of cases",,829,19,2026-02-06 20:41:23,technology
The algorithmic feed on X could be shifting political views toward conservatism,,828,156,2026-02-20 01:36:14,technology
"TikTok is tracking you, even if you don't use the app. Here's how to stop it",,825,174,2026-02-11 23:30:18,technology
California’s billionaires pour cash into elections as big tech seeks new allies,,815,106,2026-02-16 15:33:37,technology
Europe Won't Ban Gas Cars By 2035 After All. Now Mercedes Is Worried,,811,210,2026-02-06 22:55:57,technology
Meta Director of AI Safety Allows AI Agent to Accidentally Delete Her Inbox,,812,108,2026-02-23 21:16:32,technology
Burger King rolls out AI headsets that track employee 'friendliness',,803,362,2026-02-27 08:03:47,technology
Mine. Mine. Mine. How One Corrupt Billionaire Kicked Off the Global Cobalt Spree,,804,33,2026-02-23 03:23:41,technology
DHS Opens a Billion-Dollar Tab With Palantir,,802,51,2026-02-20 19:56:49,technology
Exclusive | A New Threat to Power Grids: Data Centers Unplugging at Once,,796,149,2026-03-02 02:14:00,technology
Anthropic CEO Amodei says Pentagon’s threats ‘do not change our position’ on AI,,794,26,2026-02-27 05:31:30,technology
'It is 35 degrees': Outrage as Aussie Uber driver charges $5 to turn on air conditioning unit during heatwave,,784,96,2026-02-11 22:35:10,technology
"Claimed 1,100% increase in AI-driven layoffs in 2025 might be misleading — firms accused of exaggerating AI performance to downplay poor business performance",,780,23,2026-02-10 03:55:28,technology
"New nickel-iron battery charges in seconds, survives 12,000 cycles",,769,127,2026-02-13 19:13:50,technology
Hollywood isn't happy about the new Seedance 2.0 video generator,,768,265,2026-02-15 19:12:50,technology
“Not Ready for Prime Time.” A Federal Tool to Check Voter Citizenship Keeps Making Mistakes,,763,24,2026-02-16 20:33:19,technology
"Developer targeted by AI hit piece warns society cannot handle AI agents that decouple actions from consequences | He warns that untraceable, autonomous AI agents could undermine fundamental systems of trust by making targeted defamation scalable and nearly impossible to trace back.",,767,75,2026-02-15 22:55:54,technology
France murder trial complicated by twin brothers with same DNA,,766,69,2026-02-09 07:55:41,technology
"Layoffs in January were the highest to start a year since 2009, Challenger says",,761,20,2026-02-05 20:40:44,technology
IBM CEO reveals when they’ll know if quantum computing is successful,,763,81,2026-02-09 08:47:34,technology
Netflix CEO Ted Sarandos Says James Cameron Is “Part of the Paramount Disinformation Campaign” on Warner Bros. Deal | Cameron had claimed that Netflix will ultimately renege on a pledge to keep Warner Bros. movies in theaters for 45 days.,,753,118,2026-02-21 10:31:21,technology
An AI Agent Published a Hit Piece on Me,,755,115,2026-02-13 12:26:07,technology
"Stop Killing Games is launching NGOs in the European Union and the U.S: ""This will also signal that we're not just going away on this issue.""",,754,46,2026-02-23 02:25:08,technology
"WHO slams U.S-funded newborn vaccine trial as ""unethical"" | CDC awarded $1.6 million for study birth dose of hepatitis B vaccine in Guinea-Bissau.",,745,32,2026-02-16 10:14:50,technology
Facebook accounts unavailable in worldwide outage,,747,132,2026-03-04 04:44:10,technology
Block shares soar 24% as company slashes workforce by nearly half,,734,303,2026-02-27 02:57:44,technology
Linus Torvalds keeps his ‘fingers and toes’ rule by decreeing next Linux will be version 7.0,,730,91,2026-02-10 19:57:00,technology
"Google Gave ICE Student Journalist's Bank, Credit Card Numbers",,729,25,2026-02-11 03:12:37,technology
Netflix’s Warner Bros. merger puts rival streamers in survival mode,,728,175,2026-02-09 17:19:14,technology
Ring reportedly plans to ‘zero out crime’ with controversial tech,,733,200,2026-02-20 13:34:11,technology
A Vast Trove of Exposed Social Security Numbers May Put Millions at Risk of Identity Theft,,731,55,2026-02-19 17:20:29,technology
FDA reverses surprise rejection of Moderna's mRNA flu vaccine | President admin’s vaccine chief overruled FDA scientists to initially reject the shot.,,727,63,2026-02-19 01:20:41,technology
"Given the toxicity of social media, a moral question now faces all of us: is it still ethical to use it? | With so many platforms rife with racism, misogyny and far-right rhetoric, there must be a point where decent people walk away",,731,199,2026-02-14 23:04:40,technology
Google recovers deleted nest video in high profile abduction case,,727,90,2026-02-12 07:13:59,technology
Walmart exec says it’s ‘unfortunate’ that other companies are slashing workforces in the name of AI—it’s offering training to 1.6 million workers instead,,733,188,2026-02-22 13:30:45,technology
"Blood test boosts Alzheimer's diagnosis accuracy to 94.5%, clinical study shows",,715,33,2026-02-26 08:00:29,technology
Open source devs consider making hogs pay for every Git pull,,721,61,2026-02-28 16:04:35,technology
Ukraine Develops Low-Cost Laser Air Defense System to Counter Russian Drones,,717,100,2026-02-12 06:40:45,technology
Mississippi health system shuts down clinics statewide after ransomware attack,,716,74,2026-02-22 03:58:45,technology
